{
  "grid": {
    "max_holdings": [
      30,
      50,
      70
    ],
    "min_yoy_growth": [
      5.0,
      10.0,
      15.0
    ]
  },
  "n_combos": 9,
  "sharpe_min": 0.5377216242584089,
  "sharpe_max": 0.8822158803072638,
  "sharpe_mean": 0.7625009304903982,
  "sharpe_std": 0.14131417224070808,
  "cagr_min": 0.0775497261660989,
  "cagr_max": 0.1919138973043002,
  "cagr_mean": 0.1532396539314903,
  "all_sharpe_positive": true,
  "robustness_verdict": "robust"
}