benchmark,beta,alpha_ann,t_alpha
EW investable universe,1.1171125374937634,0.08159240641744092,2.1337953543899353
Top-50 EW,0.7032982681709004,0.08584611883979298,1.9378628062375316
0050,0.6341986690112854,0.07267028740555093,1.145942504350126
