{
  "grid": {
    "max_holdings": [
      10,
      15,
      20
    ],
    "min_yoy_growth": [
      5.0,
      10.0,
      15.0
    ]
  },
  "n_combos": 9,
  "sharpe_min": 0.49029950794968724,
  "sharpe_max": 0.6803581750443266,
  "sharpe_mean": 0.5932204703755316,
  "sharpe_std": 0.06761236724180036,
  "cagr_min": 0.12173559121707833,
  "cagr_max": 0.17009454119006695,
  "cagr_mean": 0.14673212534697125,
  "all_sharpe_positive": true,
  "robustness_verdict": "robust"
}